,average_hold_time,average_press_press_time,average_press_release_time,user,apm,error_rate
0,199006.16928327645,200732.006147541,1685.9296448087432,alex,298.96714605816123,3.7542662116040955
1,113871.81160409556,202644.6393442623,88753.45013661202,stefan,296.2282730084114,6.21160409556314
2,87456.73174061434,148692.0587431694,61231.95491803279,zineb,402.69252776710437,4.163822525597269
