average_hold_time,average_press_press_time,average_press_release_time,average_release_release_time,apm,error_rate,user
274643.27506426733,196883.11082474227,-78105.52061855671,170660.77835051547,305.5347862153858,3.8560411311053984,Alex
107527.35454545454,192648.1598173516,85190.45205479451,192805.63926940638,312.87074145885987,6.363636363636363,stefan
135697.08830548925,247128.1146953405,111377.78136200717,247077.87096774194,243.07911975887478,3.818615751789976,zihao
76886.75680933852,130400.77192982456,53523.99610136452,130080.13645224171,461.0168956413812,3.307392996108949,zineb
