,average_hold_time,average_press_press_time,average_press_release_time,user,apm,error_rate
0,125499.43703703703,216057.2342007435,90652.79925650558,zihao,277.99489694034185,4.814814814814815
